<?xml version="1.0" encoding="UTF-8"?>
<quiz xmlns:xsi="http://www.w3.org/2001/XMLSchema-instance" xsi:noNamespaceSchemaLocation="quizunix.xsd">
	<mchoice>
		<question>Which command is used to sort the lines of data in a file in reverse order</question>
		<answer>sort</answer>
		<answer correct="yes">sort -r</answer>
		<answer>sh</answer>
		<answer>st</answer>
	</mchoice>
	<mchoice>
		<question>Which command is used to display the top of the file?</question>
		<answer>cat</answer>
		<answer>more</answer>
		<answer correct="yes">head</answer>
		<answer>grep</answer>
	</mchoice>
	<mchoice>
		<question>Which command is used to remove a directory?</question>
		<answer correct="yes">rmdir</answer>
		<answer>rd</answer>
		<answer>dldir</answer>
		<answer>rdir</answer>
	</mchoice>
	<mchoice>
		<question>Which of the following is not a communication command.</question>
		<answer correct="yes">grep</answer>
		<answer>write</answer>
		<answer>mesg</answer>
		<answer>mail</answer>
	</mchoice>
	<mchoice>
		<question>Which command is used to remove a file?</question>
		<answer>remove</answer>
		<answer correct="yes">rm</answer>
		<answer>mv</answer>
		<answer>del</answer>
	</mchoice>
	<mchoice>
		<question>The agency that sits between the user and the UNIX system is called the</question>
		<answer>logic</answer>
		<answer correct="yes">shell</answer>
		<answer>profile</answer>
		<answer>erxc</answer>
	</mchoice>
	<mchoice>
		<question>Which of the following commands is used to list contents of directories?</question>
		<answer>lp</answer>
		<answer correct="yes">ls</answer>
		<answer>dir</answer>
		<answer>tar</answer>
	</mchoice>
	<mchoice>
		<question>Which of the following is not a filter?</question>
		<answer>wc</answer>
		<answer>sort</answer>
		<answer>grep</answer>
		<answer correct="yes">cat</answer>
	</mchoice>
	<mchoice>
		<question>Which of the following is invalid filename?</question>
		<answer>trial</answer>
		<answer>shutry</answer>
		<answer correct="yes">None of these</answer>
		<answer>TRY</answer>
	</mchoice>
	<mchoice>
		<question>Which of the following commands is used to view your file 24 lines at a time?</question>
		<answer>lp</answer>
		<answer>/p</answer>
		<answer correct="yes">pg</answer>
		<answer>cat</answer>
	</mchoice>
</quiz>
