<?xml version="1.0" encoding="UTF-8"?>
<quiz xmlns:xsi="http://www.w3.org/2001/XMLSchema-instance" xsi:noNamespaceSchemaLocation="quizjava.xsd">
	<mchoice>
		<question>Which one of these lists contains only Java programming language keywords?</question>
		<answer>class, if, void, long, Int, continue</answer>
		<answer correct="yes">goto, instanceof, native, finally, default, throws</answer>
		<answer>try, virtual, throw, final, volatile, transient</answer>
		<answer>byte, break, assert, switch, include</answer>
	</mchoice>
	<mchoice>
		<question>What is the numerical range of a char?</question>
		<answer>-128 to 127</answer>
		<answer>-(215) to (215) - 1</answer>
		<answer correct="yes">0 to 65535</answer>
		<answer>0 to 32767</answer>
	</mchoice>
	<mchoice>
		<question>Which is true about an anonymous inner class?</question>
		<answer correct="yes">It can extend exactly one class or implement exactly one interface.</answer>
		<answer>It can extend exactly one class and implement exactly one interface.</answer>
		<answer>It can extend exactly one class and can implement multiple interfaces.</answer>
		<answer>It can implement multiple interfaces regardless of whether it also extends a class.</answer>
	</mchoice>
	<mchoice>
    <question>Which is true about a method-local inner class?</question>
    <answer correct="yes">It can be marked abstract.</answer>
		<answer>It must be marked final.</answer>
		<answer>It can be marked public.</answer>
		<answer>It can be marked static.</answer>
	</mchoice>
	<mchoice>
		<question>Which statement is true about a static nested class?</question>
		<answer>You must have a reference to an instance of the enclosing class in order to instantiate it. </answer>
		<answer correct="yes">It does not have access to nonstatic members of the enclosing class.</answer>
		<answer>It's variables and methods must be static.</answer>
		<answer>It must extend the enclosing class.</answer>
	</mchoice>
	<mchoice>
		<question>Which class does not override the equals() and hashCode() methods, inheriting them directly from class Object?</question>
		<answer>java.lang.String</answer>
		<answer correct="yes">java.lang.StringBuffer</answer>
		<answer>java.lang.Double</answer>
		<answer>java.lang.Character</answer>
	</mchoice>
	<mchoice>
		<question>What allows the programmer to destroy an object x?</question>
		<answer>x.delete()</answer>
		<answer correct="yes">Only the garbage collection system can destroy an object.</answer>
		<answer>x.finalize()</answer>
		<answer>Runtime.getRuntime().gc()</answer>
	</mchoice>
	<mchoice>
		<question>Which class or interface defines the wait(), notify(),and notifyAll() methods?</question>
		<answer>Thread</answer>
		<answer>Runnable</answer>
		<answer>Class</answer>
		<answer correct="yes">Object</answer>
	</mchoice>
	<mchoice>
		<question>Which of the following will directly stop the execution of a Thread?</question>
		<answer>notify()</answer>
		<answer>notifyall()</answer>
		<answer correct="yes">wait()</answer>
		<answer>exits synchronized code</answer>
	</mchoice>
	<mchoice>
		<question>Which two are valid constructors for Thread?</question>
		<answer>Thread(Runnable r, String name)</answer>
		<answer>Thread()</answer>
		<answer correct="yes">Thread(int priority)</answer>
		<answer>Thread(Runnable r, ThreadGroup g)</answer>
	</mchoice>
</quiz>
