<?xml version="1.0" encoding="UTF-8"?>
<quiz xmlns:xsi="http://www.w3.org/2001/XMLSchema-instance" xsi:noNamespaceSchemaLocation="quizvb.xsd">
	<mchoice>
		<question>Event-driven languages are:</question>
		<answer>FORTRAN based</answer>
		<answer correct="yes">Designed to make programming GUI easier</answer>
		<answer>Are used  to write procedural languages</answer>
		<answer>OOP</answer>
	</mchoice>
	<mchoice>
		<question>IDE is:</question>
		<answer>Independent Development Enterprise</answer>
		<answer>A development environment for machine language</answer>
		<answer correct="yes">An Integrated Development Environment for Visual Basic</answer>
		<answer>A software project management tool </answer>
	</mchoice>
	<mchoice>
		<question>Which of the following is not part of the IDE:</question>
		<answer correct="yes">General window</answer>
		<answer>Code editor window</answer>
		<answer>Properties window</answer>
		<answer>Form layout window </answer>
	</mchoice>
	<mchoice>
		<question>The application name always appears in the:</question>
		<answer correct="yes">Title bar </answer>
		<answer>Properties window </answer>
		<answer>Intermediate window</answer>
		<answer>Code window </answer>
	</mchoice>
	<mchoice>
		<question>The color of a button is:</question>
		<answer>Not updateable </answer>
		<answer correct="yes">One of its properties</answer>
		<answer>Defined in the project </answer>
		<answer>Defined in the Intermediate window </answer>
	</mchoice>
	<mchoice>
		<question>The Object Browser:</question>
		<answer>Displays the command buttons and textboxes, etc. </answer>
		<answer correct="yes">Displays the object libraries and their combinations of data and code </answer>
		<answer>Shows frequently used shortcuts as objects </answer>
		<answer>Is a Context Menu</answer>
	</mchoice>
	<mchoice>
		<question>Code is:</question>
		<answer>Updateable in the form editor </answer>
		<answer correct="yes">Instructions </answer>
		<answer>Seldom used </answer>
		<answer>An object </answer>
	</mchoice>
	<mchoice>
		<question>Controls are:</question>
		<answer>Code </answer>
		<answer>Part of the menus </answer>
		<answer>Rules</answer>
		<answer correct="yes">Objects</answer>
	</mchoice>
	<mchoice>
		<question>In the IDE, which of following is used to design the layout of an application?</question>
		<answer>Project Explorer window</answer>
		<answer>Context Menu</answer>
		<answer correct="yes">Form Designer window</answer>
		<answer>SForm Layout window</answer>
	</mchoice>
	<mchoice>
		<question>The location of the form on the desktop during execution is determined by the:</question>
		<answer>Project Explorer window</answer>
		<answer>Context Menu</answer>
		<answer correct="yes">Form Layout window</answer>
		<answer>Form Designer window</answer>
	</mchoice>
</quiz>
