<?xml version="1.0" encoding="UTF-8"?>
<quiz xmlns:xsi="http://www.w3.org/2001/XMLSchema-instance" xsi:noNamespaceSchemaLocation="quizC.xsd">
	<mchoice>
		<question>How would you round off a value from 1.66 to 2.0?</question>
		<answer correct="yes">ceil(1.66)</answer>
		<answer>floor(1.66)</answer>
		<answer>roundup(1.66)</answer>
		<answer>roundto(1.66)</answer>
	</mchoice>
	<mchoice>
		<question>What are the different types of real data type in C?</question>
		<answer>float, double</answer>
		<answer>short int, double, long int</answer>
		<answer correct="yes">float, double, long double</answer>
		<answer>double, long int, float</answer>
	</mchoice>
	<mchoice>
		<question>If a variable is a pointer to a structure, then which of the following operator is used to access 
data members of the structure through the pointer variable?</question>
		<answer correct="yes">-></answer>
		<answer>.</answer>
		<answer>/</answer>
		<answer>*</answer>
	</mchoice>
	<mchoice>
		<question>What is the similarity between a structure, union and enumeration?</question>
		<answer>All of them let you define new values</answer>
		<answer correct="yes">All of them let you define new datatypes</answer>
		<answer>All of them let you define new pointers</answer>
		<answer>All of them let you define new structures</answer>
	</mchoice>
	<mchoice>
		<question>Which header file should be included to use functions like malloc() and calloc()?</question>
		<answer>memory.h</answer>
		<answer correct="yes">stdlib.h</answer>
		<answer>string.h</answer>
		<answer>dos.h</answer>
	</mchoice>
	<mchoice>
		<question>Input/output function prototypes and macros are defined in which header file?</question>
		<answer>conio.h</answer>
		<answer>stdlib.h</answer>
		<answer correct="yes">stdio.h</answer>
		<answer>dos.h</answer>
	</mchoice>
	<mchoice>
		<question>Which of the following is not a primitive datatype</question>
		<answer>int</answer>
		<answer>float</answer>
    <answer>char</answer>
		<answer correct="yes">array</answer>
	</mchoice>
	<mchoice>
		<question>The keyword used to transfer control from a function back to the calling function is?</question>
		<answer>switch</answer>
		<answer>goto</answer>
		<answer>goback</answer>
		<answer correct="yes">return</answer>
	</mchoice>
	<mchoice>
		<question>What will happen if in a C program you assign a value to an array element whose subscript
 exceeds the size of array?</question>
		<answer>The element will be set to 0.</answer>
		<answer>The compiler would report an error</answer>
		<answer correct="yes">The program may crash if some important data gets overwritten.</answer>
		<answer>The array size would appropriately grow.</answer>
	</mchoice>
	<mchoice>
		<question>If the two strings are identical, then strcmp() function returns?</question>
		<answer>-1</answer>
		<answer>1</answer>
		<answer correct="yes">0</answer>
		<answer>Yes</answer>
	</mchoice>
</quiz>
